DROP DATABASE IF EXISTS university_db;
CREATE DATABASE university_db;
USE university_db;

CREATE TABLE students (
    roll_no VARCHAR(20) PRIMARY KEY,
    name VARCHAR(100) NOT NULL,
    department VARCHAR(50) NOT NULL,
    cgpa DECIMAL(3,2) NOT NULL,
    attendance INT NOT NULL,
    semester INT NOT NULL,
    CHECK (cgpa >= 0 AND cgpa <= 10),
    CHECK (attendance >= 0 AND attendance <= 100)
);

CREATE TABLE courses (
    course_id VARCHAR(20) PRIMARY KEY,
    course_name VARCHAR(100) NOT NULL,
    faculty VARCHAR(100) NOT NULL,
    credits INT NOT NULL,
    department VARCHAR(50) NOT NULL
);

CREATE TABLE enrollments (
    enrollment_id INT PRIMARY KEY AUTO_INCREMENT,
    roll_no VARCHAR(20) NOT NULL,
    course_id VARCHAR(20) NOT NULL,
    grade VARCHAR(2) NOT NULL,
    FOREIGN KEY (roll_no) REFERENCES students(roll_no),
    FOREIGN KEY (course_id) REFERENCES courses(course_id)
);

INSERT INTO students (roll_no, name, department, cgpa, attendance, semester) VALUES
('CSE001', 'Aarav Mehta', 'CSE', 9.10, 92, 6),
('CSE002', 'Ananya Rao', 'CSE', 8.75, 88, 6),
('CSE003', 'Kabir Singh', 'CSE', 7.40, 72, 4),
('CSE004', 'Isha Nair', 'CSE', 9.45, 95, 8),
('CSE005', 'Rohan Kapoor', 'CSE', 6.80, 68, 4),
('CSE006', 'Meera Iyer', 'CSE', 8.20, 81, 2),
('CSE007', 'Vivaan Joshi', 'CSE', 7.95, 76, 2),
('CSE008', 'Diya Shah', 'CSE', 9.00, 90, 8),
('CSE009', 'Arjun Menon', 'CSE', 6.25, 61, 6),
('CSE010', 'Sanya Gupta', 'CSE', 8.60, 84, 4),
('ECE001', 'Aditya Kumar', 'ECE', 8.10, 79, 6),
('ECE002', 'Priya Sharma', 'ECE', 7.70, 73, 4),
('ECE003', 'Nikhil Reddy', 'ECE', 6.90, 67, 2),
('ECE004', 'Tara Bose', 'ECE', 9.20, 94, 8),
('ECE005', 'Yash Verma', 'ECE', 7.25, 75, 6),
('ECE006', 'Kavya Pillai', 'ECE', 8.85, 89, 4),
('ECE007', 'Siddharth Jain', 'ECE', 5.95, 58, 2),
('ECE008', 'Aisha Khan', 'ECE', 8.35, 82, 8),
('ECE009', 'Dev Patel', 'ECE', 7.05, 70, 6),
('ECE010', 'Neha Kulkarni', 'ECE', 9.05, 91, 4),
('MEC001', 'Rahul Das', 'Mechanical', 7.85, 78, 6),
('MEC002', 'Sneha Roy', 'Mechanical', 8.40, 86, 4),
('MEC003', 'Karan Malhotra', 'Mechanical', 6.55, 64, 2),
('MEC004', 'Pooja Bhat', 'Mechanical', 7.10, 71, 8),
('MEC005', 'Harsh Agarwal', 'Mechanical', 5.80, 55, 6),
('MEC006', 'Nandini Sen', 'Mechanical', 8.95, 93, 4),
('MEC007', 'Om Prakash', 'Mechanical', 7.60, 77, 2),
('MEC008', 'Ritika Sinha', 'Mechanical', 8.05, 80, 8),
('MEC009', 'Manav Chawla', 'Mechanical', 6.35, 60, 6),
('MEC010', 'Leela Krishnan', 'Mechanical', 9.30, 96, 4),
('CIV001', 'Varun Shetty', 'Civil', 7.45, 74, 6),
('CIV002', 'Aditi Mishra', 'Civil', 8.65, 87, 4),
('CIV003', 'Rishi Saxena', 'Civil', 6.15, 59, 2),
('CIV004', 'Maya Thomas', 'Civil', 9.15, 92, 8),
('CIV005', 'Samar Gill', 'Civil', 7.00, 69, 6),
('CIV006', 'Kiara Dsouza', 'Civil', 8.25, 83, 4),
('CIV007', 'Abhay Narayan', 'Civil', 5.70, 52, 2),
('CIV008', 'Pari Bansal', 'Civil', 7.90, 76, 8),
('CIV009', 'Tejas Rao', 'Civil', 6.75, 66, 6),
('CIV010', 'Shruti Nambiar', 'Civil', 8.90, 90, 4),
('EEE001', 'Gaurav Suri', 'Electrical', 7.80, 79, 6),
('EEE002', 'Simran Kaur', 'Electrical', 8.55, 85, 4),
('EEE003', 'Irfan Ali', 'Electrical', 6.45, 63, 2),
('EEE004', 'Lavanya Murthy', 'Electrical', 9.35, 97, 8),
('EEE005', 'Aman Bedi', 'Electrical', 7.15, 70, 6),
('EEE006', 'Rhea George', 'Electrical', 8.00, 81, 4),
('EEE007', 'Mohit Tiwari', 'Electrical', 5.50, 50, 2),
('EEE008', 'Janvi Desai', 'Electrical', 7.65, 78, 8),
('EEE009', 'Kunal Nanda', 'Electrical', 6.95, 68, 6),
('EEE010', 'Mitali Chatterjee', 'Electrical', 9.25, 94, 4);

INSERT INTO courses (course_id, course_name, faculty, credits, department) VALUES
('CSE101', 'Database Management Systems', 'Dr. Sharma', 4, 'CSE'),
('CSE102', 'Artificial Intelligence', 'Dr. Iyer', 4, 'CSE'),
('ECE101', 'Digital Signal Processing', 'Dr. Menon', 3, 'ECE'),
('ECE102', 'VLSI Design', 'Dr. Sharma', 4, 'ECE'),
('MEC101', 'Thermodynamics', 'Dr. Rao', 4, 'Mechanical'),
('MEC102', 'Manufacturing Processes', 'Dr. Nair', 3, 'Mechanical'),
('CIV101', 'Structural Analysis', 'Dr. Thomas', 4, 'Civil'),
('CIV102', 'Geotechnical Engineering', 'Dr. Gupta', 3, 'Civil'),
('EEE101', 'Power Systems', 'Dr. Kulkarni', 4, 'Electrical'),
('EEE102', 'Control Systems', 'Dr. Das', 3, 'Electrical');

INSERT INTO enrollments (roll_no, course_id, grade) VALUES
('CSE001', 'CSE101', 'A'), ('CSE001', 'CSE102', 'A'), ('CSE001', 'ECE102', 'B'),
('CSE002', 'CSE101', 'A'), ('CSE002', 'CSE102', 'B'), ('CSE002', 'EEE102', 'A'),
('CSE003', 'CSE101', 'B'), ('CSE003', 'CSE102', 'C'), ('CSE003', 'MEC102', 'B'),
('CSE004', 'CSE101', 'A'), ('CSE004', 'CSE102', 'A'), ('CSE004', 'ECE101', 'A'),
('CSE005', 'CSE101', 'C'), ('CSE005', 'CSE102', 'D'), ('CSE005', 'CIV102', 'C'),
('CSE006', 'CSE101', 'B'), ('CSE006', 'CSE102', 'B'), ('CSE006', 'EEE101', 'B'),
('CSE007', 'CSE101', 'B'), ('CSE007', 'CSE102', 'C'), ('CSE007', 'ECE102', 'B'),
('CSE008', 'CSE101', 'A'), ('CSE008', 'CSE102', 'A'), ('CSE008', 'CIV101', 'B'),
('CSE009', 'CSE101', 'C'), ('CSE009', 'CSE102', 'D'), ('CSE009', 'MEC101', 'C'),
('CSE010', 'CSE101', 'A'), ('CSE010', 'CSE102', 'B'), ('CSE010', 'EEE102', 'B'),
('ECE001', 'ECE101', 'B'), ('ECE001', 'ECE102', 'A'), ('ECE001', 'CSE101', 'B'),
('ECE002', 'ECE101', 'B'), ('ECE002', 'ECE102', 'C'), ('ECE002', 'EEE102', 'B'),
('ECE003', 'ECE101', 'C'), ('ECE003', 'ECE102', 'D'), ('ECE003', 'CSE102', 'C'),
('ECE004', 'ECE101', 'A'), ('ECE004', 'ECE102', 'A'), ('ECE004', 'EEE101', 'A'),
('ECE005', 'ECE101', 'B'), ('ECE005', 'ECE102', 'C'), ('ECE005', 'CIV102', 'B'),
('ECE006', 'ECE101', 'A'), ('ECE006', 'ECE102', 'B'), ('ECE006', 'CSE101', 'A'),
('ECE007', 'ECE101', 'D'), ('ECE007', 'ECE102', 'C'), ('ECE007', 'MEC102', 'C'),
('ECE008', 'ECE101', 'B'), ('ECE008', 'ECE102', 'A'), ('ECE008', 'EEE102', 'B'),
('ECE009', 'ECE101', 'C'), ('ECE009', 'ECE102', 'B'), ('ECE009', 'CSE102', 'C'),
('ECE010', 'ECE101', 'A'), ('ECE010', 'ECE102', 'A'), ('ECE010', 'EEE101', 'A'),
('MEC001', 'MEC101', 'B'), ('MEC001', 'MEC102', 'B'), ('MEC001', 'CSE101', 'B'),
('MEC002', 'MEC101', 'A'), ('MEC002', 'MEC102', 'B'), ('MEC002', 'EEE102', 'A'),
('MEC003', 'MEC101', 'C'), ('MEC003', 'MEC102', 'D'), ('MEC003', 'CIV102', 'C'),
('MEC004', 'MEC101', 'B'), ('MEC004', 'MEC102', 'C'), ('MEC004', 'ECE101', 'C'),
('MEC005', 'MEC101', 'D'), ('MEC005', 'MEC102', 'C'), ('MEC005', 'CSE101', 'D'),
('MEC006', 'MEC101', 'A'), ('MEC006', 'MEC102', 'A'), ('MEC006', 'EEE101', 'A'),
('MEC007', 'MEC101', 'B'), ('MEC007', 'MEC102', 'B'), ('MEC007', 'CIV101', 'B'),
('MEC008', 'MEC101', 'B'), ('MEC008', 'MEC102', 'A'), ('MEC008', 'ECE102', 'B'),
('MEC009', 'MEC101', 'C'), ('MEC009', 'MEC102', 'D'), ('MEC009', 'CSE102', 'C'),
('MEC010', 'MEC101', 'A'), ('MEC010', 'MEC102', 'A'), ('MEC010', 'EEE102', 'A'),
('CIV001', 'CIV101', 'B'), ('CIV001', 'CIV102', 'C'), ('CIV001', 'CSE101', 'B'),
('CIV002', 'CIV101', 'A'), ('CIV002', 'CIV102', 'B'), ('CIV002', 'EEE101', 'A'),
('CIV003', 'CIV101', 'C'), ('CIV003', 'CIV102', 'D'), ('CIV003', 'MEC102', 'C'),
('CIV004', 'CIV101', 'A'), ('CIV004', 'CIV102', 'A'), ('CIV004', 'ECE102', 'A'),
('CIV005', 'CIV101', 'C'), ('CIV005', 'CIV102', 'B'), ('CIV005', 'CSE102', 'C'),
('CIV006', 'CIV101', 'B'), ('CIV006', 'CIV102', 'B'), ('CIV006', 'EEE102', 'B'),
('CIV007', 'CIV101', 'D'), ('CIV007', 'CIV102', 'C'), ('CIV007', 'MEC101', 'D'),
('CIV008', 'CIV101', 'B'), ('CIV008', 'CIV102', 'B'), ('CIV008', 'ECE101', 'B'),
('CIV009', 'CIV101', 'C'), ('CIV009', 'CIV102', 'C'), ('CIV009', 'CSE101', 'C'),
('CIV010', 'CIV101', 'A'), ('CIV010', 'CIV102', 'A'), ('CIV010', 'EEE101', 'A'),
('EEE001', 'EEE101', 'B'), ('EEE001', 'EEE102', 'B'), ('EEE001', 'CSE101', 'B'),
('EEE002', 'EEE101', 'A'), ('EEE002', 'EEE102', 'B'), ('EEE002', 'ECE102', 'A'),
('EEE003', 'EEE101', 'C'), ('EEE003', 'EEE102', 'D'), ('EEE003', 'MEC102', 'C'),
('EEE004', 'EEE101', 'A'), ('EEE004', 'EEE102', 'A'), ('EEE004', 'CSE102', 'A'),
('EEE005', 'EEE101', 'B'), ('EEE005', 'EEE102', 'C'), ('EEE005', 'CIV102', 'B'),
('EEE006', 'EEE101', 'B'), ('EEE006', 'EEE102', 'B'), ('EEE006', 'ECE101', 'B'),
('EEE007', 'EEE101', 'D'), ('EEE007', 'EEE102', 'C'), ('EEE007', 'MEC101', 'D'),
('EEE008', 'EEE101', 'B'), ('EEE008', 'EEE102', 'B'), ('EEE008', 'CIV101', 'B'),
('EEE009', 'EEE101', 'C'), ('EEE009', 'EEE102', 'C'), ('EEE009', 'CSE101', 'C'),
('EEE010', 'EEE101', 'A'), ('EEE010', 'EEE102', 'A'), ('EEE010', 'ECE102', 'A');
